step_size,                  x,              v_num,            u_exact,               time,

0.001001,                   0,           0.0090512,          0.00895912,             11081.4,

0.001001,            0.001001,           0.0180022,            0.017819,             11081.4,

0.001001,            0.002002,            0.026854,           0.0265807,             11081.4,

0.001001,            0.003003,           0.0356076,           0.0352452,             11081.4,

0.001001,            0.004004,           0.0442639,           0.0438134,             11081.4,

0.001001,          0.00500501,            0.052824,           0.0522863,             11081.4,

0.001001,          0.00600601,           0.0612887,           0.0606648,             11081.4,

0.001001,          0.00700701,           0.0696592,           0.0689499,             11081.4,

0.001001,          0.00800801,           0.0779361,           0.0771425,             11081.4,

0.001001,          0.00900901,           0.0861206,           0.0852436,             11081.4,

0.001001,             0.01001,           0.0942136,            0.093254,             11081.4,

0.001001,            0.011011,            0.102216,            0.101175,             11081.4,

0.001001,            0.012012,            0.110128,            0.109006,             11081.4,

0.001001,            0.013013,            0.117952,             0.11675,             11081.4,

0.001001,            0.014014,            0.125688,            0.124407,             11081.4,

0.001001,            0.015015,            0.133336,            0.131977,             11081.4,

0.001001,            0.016016,            0.140899,            0.139462,             11081.4,

0.001001,            0.017017,            0.148376,            0.146863,             11081.4,

0.001001,            0.018018,            0.155768,             0.15418,             11081.4,

0.001001,            0.019019,            0.163077,            0.161414,             11081.4,

0.001001,             0.02002,            0.170303,            0.168566,             11081.4,

0.001001,            0.021021,            0.177447,            0.175637,             11081.4,

0.001001,            0.022022,             0.18451,            0.182627,             11081.4,

0.001001,            0.023023,            0.191492,            0.189538,             11081.4,

0.001001,            0.024024,            0.198395,             0.19637,             11081.4,

0.001001,            0.025025,            0.205218,            0.203124,             11081.4,

0.001001,            0.026026,            0.211964,            0.209801,             11081.4,

0.001001,            0.027027,            0.218633,            0.216401,             11081.4,

0.001001,            0.028028,            0.225225,            0.222926,             11081.4,

0.001001,            0.029029,            0.231742,            0.229376,             11081.4,

0.001001,             0.03003,            0.238183,            0.235751,             11081.4,

0.001001,            0.031031,            0.244551,            0.242053,             11081.4,

0.001001,            0.032032,            0.250845,            0.248282,             11081.4,

0.001001,            0.033033,            0.257066,            0.254439,             11081.4,

0.001001,            0.034034,            0.263215,            0.260525,             11081.4,

0.001001,            0.035035,            0.269293,            0.266541,             11081.4,

0.001001,            0.036036,              0.2753,            0.272486,             11081.4,

0.001001,            0.037037,            0.281237,            0.278362,             11081.4,

0.001001,            0.038038,            0.287105,             0.28417,             11081.4,

0.001001,            0.039039,            0.292905,             0.28991,             11081.4,

0.001001,             0.04004,            0.298637,            0.295583,             11081.4,

0.001001,            0.041041,            0.304302,            0.301189,             11081.4,

0.001001,            0.042042,              0.3099,             0.30673,             11081.4,

0.001001,            0.043043,            0.315432,            0.312205,             11081.4,

0.001001,            0.044044,            0.320899,            0.317616,             11081.4,

0.001001,            0.045045,            0.326302,            0.322963,             11081.4,

0.001001,            0.046046,            0.331641,            0.328247,             11081.4,

0.001001,            0.047047,            0.336917,            0.333468,             11081.4,

0.001001,            0.048048,             0.34213,            0.338627,             11081.4,

0.001001,            0.049049,            0.347281,            0.343725,             11081.4,

0.001001,           0.0500501,            0.352371,            0.348762,             11081.4,

0.001001,           0.0510511,              0.3574,            0.353739,             11081.4,

0.001001,           0.0520521,            0.362369,            0.358657,             11081.4,

0.001001,           0.0530531,            0.367278,            0.363515,             11081.4,

0.001001,           0.0540541,            0.372128,            0.368315,             11081.4,

0.001001,           0.0550551,            0.376921,            0.373058,             11081.4,

0.001001,           0.0560561,            0.381655,            0.377743,             11081.4,

0.001001,           0.0570571,            0.386332,            0.382371,             11081.4,

0.001001,           0.0580581,            0.390952,            0.386944,             11081.4,

0.001001,           0.0590591,            0.395517,            0.391461,             11081.4,

0.001001,           0.0600601,            0.400025,            0.395923,             11081.4,

0.001001,           0.0610611,            0.404479,             0.40033,             11081.4,

0.001001,           0.0620621,            0.408879,            0.404684,             11081.4,

0.001001,           0.0630631,            0.413224,            0.408984,             11081.4,

0.001001,           0.0640641,            0.417517,            0.413232,             11081.4,

0.001001,           0.0650651,            0.421756,            0.417427,             11081.4,

0.001001,           0.0660661,            0.425943,             0.42157,             11081.4,

0.001001,           0.0670671,            0.430079,            0.425663,             11081.4,

0.001001,           0.0680681,            0.434163,            0.429704,             11081.4,

0.001001,           0.0690691,            0.438196,            0.433696,             11081.4,

0.001001,           0.0700701,             0.44218,            0.437637,             11081.4,

0.001001,           0.0710711,            0.446113,             0.44153,             11081.4,

0.001001,           0.0720721,            0.449997,            0.445373,             11081.4,

0.001001,           0.0730731,            0.453833,            0.449169,             11081.4,

0.001001,           0.0740741,             0.45762,            0.452916,             11081.4,

0.001001,           0.0750751,             0.46136,            0.456617,             11081.4,

0.001001,           0.0760761,            0.465052,             0.46027,             11081.4,

0.001001,           0.0770771,            0.468698,            0.463877,             11081.4,

0.001001,           0.0780781,            0.472297,            0.467438,             11081.4,

0.001001,           0.0790791,             0.47585,            0.470954,             11081.4,

0.001001,           0.0800801,            0.479357,            0.474425,             11081.4,

0.001001,           0.0810811,             0.48282,            0.477851,             11081.4,

0.001001,           0.0820821,            0.486238,            0.481234,             11081.4,

0.001001,           0.0830831,            0.489613,            0.484572,             11081.4,

0.001001,           0.0840841,            0.492943,            0.487867,             11081.4,

0.001001,           0.0850851,             0.49623,             0.49112,             11081.4,

0.001001,           0.0860861,            0.499475,             0.49433,             11081.4,

0.001001,           0.0870871,            0.502677,            0.497498,             11081.4,

0.001001,           0.0880881,            0.505837,            0.500625,             11081.4,

0.001001,           0.0890891,            0.508955,             0.50371,             11081.4,

0.001001,           0.0900901,            0.512033,            0.506755,             11081.4,

0.001001,           0.0910911,             0.51507,             0.50976,             11081.4,

0.001001,           0.0920921,            0.518066,            0.512725,             11081.4,

0.001001,           0.0930931,            0.521023,             0.51565,             11081.4,

0.001001,           0.0940941,             0.52394,            0.518536,             11081.4,

0.001001,           0.0950951,            0.526818,            0.521383,             11081.4,

0.001001,           0.0960961,            0.529657,            0.524192,             11081.4,

0.001001,           0.0970971,            0.532458,            0.526963,             11081.4,

0.001001,           0.0980981,            0.535221,            0.529697,             11081.4,

0.001001,           0.0990991,            0.537947,            0.532393,             11081.4,

0.001001,              0.1001,            0.540635,            0.535053,             11081.4,

0.001001,            0.101101,            0.543286,            0.537676,             11081.4,

0.001001,            0.102102,            0.545901,            0.540263,             11081.4,

0.001001,            0.103103,             0.54848,            0.542814,             11081.4,

0.001001,            0.104104,            0.551023,             0.54533,             11081.4,

0.001001,            0.105105,            0.553531,             0.54781,             11081.4,

0.001001,            0.106106,            0.556004,            0.550256,             11081.4,

0.001001,            0.107107,            0.558442,            0.552668,             11081.4,

0.001001,            0.108108,            0.560845,            0.555046,             11081.4,

0.001001,            0.109109,            0.563215,             0.55739,             11081.4,

0.001001,             0.11011,            0.565551,            0.559701,             11081.4,

0.001001,            0.111111,            0.567854,            0.561979,             11081.4,

0.001001,            0.112112,            0.570124,            0.564224,             11081.4,

0.001001,            0.113113,            0.572361,            0.566437,             11081.4,

0.001001,            0.114114,            0.574565,            0.568618,             11081.4,

0.001001,            0.115115,            0.576738,            0.570767,             11081.4,

0.001001,            0.116116,            0.578879,            0.572885,             11081.4,

0.001001,            0.117117,            0.580989,            0.574971,             11081.4,

0.001001,            0.118118,            0.583068,            0.577027,             11081.4,

0.001001,            0.119119,            0.585116,            0.579053,             11081.4,

0.001001,             0.12012,            0.587133,            0.581048,             11081.4,

0.001001,            0.121121,             0.58912,            0.583014,             11081.4,

0.001001,            0.122122,            0.591078,             0.58495,             11081.4,

0.001001,            0.123123,            0.593006,            0.586856,             11081.4,

0.001001,            0.124124,            0.594904,            0.588734,             11081.4,

0.001001,            0.125125,            0.596774,            0.590583,             11081.4,

0.001001,            0.126126,            0.598615,            0.592404,             11081.4,

0.001001,            0.127127,            0.600428,            0.594196,             11081.4,

0.001001,            0.128128,            0.602212,            0.595961,             11081.4,

0.001001,            0.129129,            0.603969,            0.597698,             11081.4,

0.001001,             0.13013,            0.605698,            0.599408,             11081.4,

0.001001,            0.131131,              0.6074,            0.601091,             11081.4,

0.001001,            0.132132,            0.609075,            0.602748,             11081.4,

0.001001,            0.133133,            0.610723,            0.604377,             11081.4,

0.001001,            0.134134,            0.612345,            0.605981,             11081.4,

0.001001,            0.135135,             0.61394,            0.607558,             11081.4,

0.001001,            0.136136,             0.61551,             0.60911,             11081.4,

0.001001,            0.137137,            0.617054,            0.610637,             11081.4,

0.001001,            0.138138,            0.618572,            0.612138,             11081.4,

0.001001,            0.139139,            0.620065,            0.613615,             11081.4,

0.001001,             0.14014,            0.621534,            0.615066,             11081.4,

0.001001,            0.141141,            0.622977,            0.616494,             11081.4,

0.001001,            0.142142,            0.624396,            0.617897,             11081.4,

0.001001,            0.143143,            0.625792,            0.619276,             11081.4,

0.001001,            0.144144,            0.627163,            0.620631,             11081.4,

0.001001,            0.145145,             0.62851,            0.621963,             11081.4,

0.001001,            0.146146,            0.629834,            0.623272,             11081.4,

0.001001,            0.147147,            0.631135,            0.624558,             11081.4,

0.001001,            0.148148,            0.632412,            0.625821,             11081.4,

0.001001,            0.149149,            0.633667,            0.627061,             11081.4,

0.001001,             0.15015,              0.6349,            0.628279,             11081.4,

0.001001,            0.151151,             0.63611,            0.629475,             11081.4,

0.001001,            0.152152,            0.637298,             0.63065,             11081.4,

0.001001,            0.153153,            0.638464,            0.631802,             11081.4,

0.001001,            0.154154,            0.639608,            0.632933,             11081.4,

0.001001,            0.155155,            0.640731,            0.634043,             11081.4,

0.001001,            0.156156,            0.641833,            0.635131,             11081.4,

0.001001,            0.157157,            0.642913,            0.636199,             11081.4,

0.001001,            0.158158,            0.643973,            0.637247,             11081.4,

0.001001,            0.159159,            0.645013,            0.638274,             11081.4,

0.001001,             0.16016,            0.646031,             0.63928,             11081.4,

0.001001,            0.161161,             0.64703,            0.640267,             11081.4,

0.001001,            0.162162,            0.648009,            0.641234,             11081.4,

0.001001,            0.163163,            0.648968,            0.642181,             11081.4,

0.001001,            0.164164,            0.649907,            0.643109,             11081.4,

0.001001,            0.165165,            0.650827,            0.644018,             11081.4,

0.001001,            0.166166,            0.651727,            0.644908,             11081.4,

0.001001,            0.167167,            0.652609,            0.645779,             11081.4,

0.001001,            0.168168,            0.653472,            0.646631,             11081.4,

0.001001,            0.169169,            0.654316,            0.647465,             11081.4,

0.001001,             0.17017,            0.655142,             0.64828,             11081.4,

0.001001,            0.171171,            0.655949,            0.649078,             11081.4,

0.001001,            0.172172,            0.656739,            0.649857,             11081.4,

0.001001,            0.173173,             0.65751,            0.650619,             11081.4,

0.001001,            0.174174,            0.658264,            0.651363,             11081.4,

0.001001,            0.175175,               0.659,             0.65209,             11081.4,

0.001001,            0.176176,            0.659719,            0.652799,             11081.4,

0.001001,            0.177177,             0.66042,            0.653492,             11081.4,

0.001001,            0.178178,            0.661105,            0.654168,             11081.4,

0.001001,            0.179179,            0.661772,            0.654827,             11081.4,

0.001001,             0.18018,            0.662423,            0.655469,             11081.4,

0.001001,            0.181181,            0.663058,            0.656095,             11081.4,

0.001001,            0.182182,            0.663676,            0.656705,             11081.4,

0.001001,            0.183183,            0.664278,            0.657299,             11081.4,

0.001001,            0.184184,            0.664863,            0.657877,             11081.4,

0.001001,            0.185185,            0.665433,            0.658439,             11081.4,

0.001001,            0.186186,            0.665987,            0.658986,             11081.4,

0.001001,            0.187187,            0.666526,            0.659517,             11081.4,

0.001001,            0.188188,            0.667049,            0.660033,             11081.4,

0.001001,            0.189189,            0.667557,            0.660534,             11081.4,

0.001001,             0.19019,             0.66805,             0.66102,             11081.4,

0.001001,            0.191191,            0.668528,            0.661491,             11081.4,

0.001001,            0.192192,            0.668991,            0.661948,             11081.4,

0.001001,            0.193193,            0.669439,            0.662389,             11081.4,

0.001001,            0.194194,            0.669873,            0.662817,             11081.4,

0.001001,            0.195195,            0.670293,             0.66323,             11081.4,

0.001001,            0.196196,            0.670698,             0.66363,             11081.4,

0.001001,            0.197197,            0.671089,            0.664015,             11081.4,

0.001001,            0.198198,            0.671467,            0.664386,             11081.4,

0.001001,            0.199199,             0.67183,            0.664744,             11081.4,

0.001001,              0.2002,             0.67218,            0.665089,             11081.4,

0.001001,            0.201201,            0.672516,            0.665419,             11081.4,

0.001001,            0.202202,            0.672839,            0.665737,             11081.4,

0.001001,            0.203203,            0.673148,            0.666042,             11081.4,

0.001001,            0.204204,            0.673445,            0.666333,             11081.4,

0.001001,            0.205205,            0.673728,            0.666612,             11081.4,

0.001001,            0.206206,            0.673999,            0.666878,             11081.4,

0.001001,            0.207207,            0.674257,            0.667131,             11081.4,

0.001001,            0.208208,            0.674502,            0.667372,             11081.4,

0.001001,            0.209209,            0.674735,              0.6676,             11081.4,

0.001001,             0.21021,            0.674955,            0.667816,             11081.4,

0.001001,            0.211211,            0.675163,             0.66802,             11081.4,

0.001001,            0.212212,            0.675359,            0.668212,             11081.4,

0.001001,            0.213213,            0.675543,            0.668392,             11081.4,

0.001001,            0.214214,            0.675715,            0.668561,             11081.4,

0.001001,            0.215215,            0.675876,            0.668718,             11081.4,

0.001001,            0.216216,            0.676024,            0.668863,             11081.4,

0.001001,            0.217217,            0.676161,            0.668997,             11081.4,

0.001001,            0.218218,            0.676287,            0.669119,             11081.4,

0.001001,            0.219219,            0.676402,             0.66923,             11081.4,

0.001001,             0.22022,            0.676505,            0.669331,             11081.4,

0.001001,            0.221221,            0.676597,             0.66942,             11081.4,

0.001001,            0.222222,            0.676678,            0.669498,             11081.4,

0.001001,            0.223223,            0.676749,            0.669566,             11081.4,

0.001001,            0.224224,            0.676808,            0.669623,             11081.4,

0.001001,            0.225225,            0.676857,            0.669669,             11081.4,

0.001001,            0.226226,            0.676896,            0.669705,             11081.4,

0.001001,            0.227227,            0.676923,            0.669731,             11081.4,

0.001001,            0.228228,            0.676941,            0.669747,             11081.4,

0.001001,            0.229229,            0.676949,            0.669752,             11081.4,

0.001001,             0.23023,            0.676946,            0.669747,             11081.4,

0.001001,            0.231231,            0.676933,            0.669733,             11081.4,

0.001001,            0.232232,            0.676911,            0.669708,             11081.4,

0.001001,            0.233233,            0.676878,            0.669674,             11081.4,

0.001001,            0.234234,            0.676836,             0.66963,             11081.4,

0.001001,            0.235235,            0.676784,            0.669577,             11081.4,

0.001001,            0.236236,            0.676723,            0.669514,             11081.4,

0.001001,            0.237237,            0.676652,            0.669442,             11081.4,

0.001001,            0.238238,            0.676572,            0.669361,             11081.4,

0.001001,            0.239239,            0.676482,             0.66927,             11081.4,

0.001001,             0.24024,            0.676384,            0.669171,             11081.4,

0.001001,            0.241241,            0.676276,            0.669062,             11081.4,

0.001001,            0.242242,             0.67616,            0.668945,             11081.4,

0.001001,            0.243243,            0.676034,            0.668819,             11081.4,

0.001001,            0.244244,              0.6759,            0.668684,             11081.4,

0.001001,            0.245245,            0.675757,             0.66854,             11081.4,

0.001001,            0.246246,            0.675605,            0.668388,             11081.4,

0.001001,            0.247247,            0.675445,            0.668227,             11081.4,

0.001001,            0.248248,            0.675276,            0.668058,             11081.4,

0.001001,            0.249249,            0.675099,            0.667881,             11081.4,

0.001001,             0.25025,            0.674914,            0.667696,             11081.4,

0.001001,            0.251251,            0.674721,            0.667502,             11081.4,

0.001001,            0.252252,            0.674519,            0.667301,             11081.4,

0.001001,            0.253253,             0.67431,            0.667091,             11081.4,

0.001001,            0.254254,            0.674092,            0.666874,             11081.4,

0.001001,            0.255255,            0.673866,            0.666648,             11081.4,

0.001001,            0.256256,            0.673633,            0.666416,             11081.4,

0.001001,            0.257257,            0.673392,            0.666175,             11081.4,

0.001001,            0.258258,            0.673143,            0.665927,             11081.4,

0.001001,            0.259259,            0.672887,            0.665671,             11081.4,

0.001001,             0.26026,            0.672623,            0.665408,             11081.4,

0.001001,            0.261261,            0.672352,            0.665137,             11081.4,

0.001001,            0.262262,            0.672074,             0.66486,             11081.4,

0.001001,            0.263263,            0.671788,            0.664575,             11081.4,

0.001001,            0.264264,            0.671495,            0.664283,             11081.4,

0.001001,            0.265265,            0.671195,            0.663984,             11081.4,

0.001001,            0.266266,            0.670888,            0.663677,             11081.4,

0.001001,            0.267267,            0.670574,            0.663364,             11081.4,

0.001001,            0.268268,            0.670253,            0.663045,             11081.4,

0.001001,            0.269269,            0.669925,            0.662718,             11081.4,

0.001001,             0.27027,             0.66959,            0.662384,             11081.4,

0.001001,            0.271271,            0.669248,            0.662044,             11081.4,

0.001001,            0.272272,              0.6689,            0.661698,             11081.4,

0.001001,            0.273273,            0.668546,            0.661345,             11081.4,

0.001001,            0.274274,            0.668184,            0.660985,             11081.4,

0.001001,            0.275275,            0.667817,            0.660619,             11081.4,

0.001001,            0.276276,            0.667443,            0.660247,             11081.4,

0.001001,            0.277277,            0.667062,            0.659868,             11081.4,

0.001001,            0.278278,            0.666676,            0.659483,             11081.4,

0.001001,            0.279279,            0.666283,            0.659093,             11081.4,

0.001001,             0.28028,            0.665884,            0.658696,             11081.4,

0.001001,            0.281281,            0.665479,            0.658293,             11081.4,

0.001001,            0.282282,            0.665068,            0.657884,             11081.4,

0.001001,            0.283283,            0.664651,            0.657469,             11081.4,

0.001001,            0.284284,            0.664228,            0.657048,             11081.4,

0.001001,            0.285285,            0.663799,            0.656622,             11081.4,

0.001001,            0.286286,            0.663365,            0.656189,             11081.4,

0.001001,            0.287287,            0.662925,            0.655752,             11081.4,

0.001001,            0.288288,            0.662479,            0.655308,             11081.4,

0.001001,            0.289289,            0.662027,            0.654859,             11081.4,

0.001001,             0.29029,             0.66157,            0.654405,             11081.4,

0.001001,            0.291291,            0.661108,            0.653945,             11081.4,

0.001001,            0.292292,             0.66064,            0.653479,             11081.4,

0.001001,            0.293293,            0.660166,            0.653009,             11081.4,

0.001001,            0.294294,            0.659688,            0.652533,             11081.4,

0.001001,            0.295295,            0.659204,            0.652052,             11081.4,

0.001001,            0.296296,            0.658714,            0.651565,             11081.4,

0.001001,            0.297297,             0.65822,            0.651074,             11081.4,

0.001001,            0.298298,             0.65772,            0.650577,             11081.4,

0.001001,            0.299299,            0.657216,            0.650076,             11081.4,

0.001001,              0.3003,            0.656706,            0.649569,             11081.4,

0.001001,            0.301301,            0.656192,            0.649058,             11081.4,

0.001001,            0.302302,            0.655672,            0.648541,             11081.4,

0.001001,            0.303303,            0.655148,             0.64802,             11081.4,

0.001001,            0.304304,            0.654618,            0.647494,             11081.4,

0.001001,            0.305305,            0.654084,            0.646963,             11081.4,

0.001001,            0.306306,            0.653546,            0.646428,             11081.4,

0.001001,            0.307307,            0.653002,            0.645888,             11081.4,

0.001001,            0.308308,            0.652454,            0.645343,             11081.4,

0.001001,            0.309309,            0.651901,            0.644794,             11081.4,

0.001001,             0.31031,            0.651344,             0.64424,             11081.4,

0.001001,            0.311311,            0.650783,            0.643682,             11081.4,

0.001001,            0.312312,            0.650216,             0.64312,             11081.4,

0.001001,            0.313313,            0.649646,            0.642553,             11081.4,

0.001001,            0.314314,            0.649071,            0.641982,             11081.4,

0.001001,            0.315315,            0.648492,            0.641406,             11081.4,

0.001001,            0.316316,            0.647908,            0.640827,             11081.4,

0.001001,            0.317317,             0.64732,            0.640243,             11081.4,

0.001001,            0.318318,            0.646728,            0.639655,             11081.4,

0.001001,            0.319319,            0.646132,            0.639062,             11081.4,

0.001001,             0.32032,            0.645532,            0.638466,             11081.4,

0.001001,            0.321321,            0.644928,            0.637866,             11081.4,

0.001001,            0.322322,            0.644319,            0.637262,             11081.4,

0.001001,            0.323323,            0.643707,            0.636653,             11081.4,

0.001001,            0.324324,            0.643091,            0.636041,             11081.4,

0.001001,            0.325325,            0.642471,            0.635425,             11081.4,

0.001001,            0.326326,            0.641847,            0.634805,             11081.4,

0.001001,            0.327327,            0.641219,            0.634182,             11081.4,

0.001001,            0.328328,            0.640587,            0.633554,             11081.4,

0.001001,            0.329329,            0.639951,            0.632923,             11081.4,

0.001001,             0.33033,            0.639312,            0.632288,             11081.4,

0.001001,            0.331331,            0.638669,             0.63165,             11081.4,

0.001001,            0.332332,            0.638023,            0.631008,             11081.4,

0.001001,            0.333333,            0.637373,            0.630362,             11081.4,

0.001001,            0.334334,            0.636719,            0.629713,             11081.4,

0.001001,            0.335335,            0.636062,             0.62906,             11081.4,

0.001001,            0.336336,            0.635401,            0.628404,             11081.4,

0.001001,            0.337337,            0.634737,            0.627745,             11081.4,

0.001001,            0.338338,            0.634069,            0.627082,             11081.4,

0.001001,            0.339339,            0.633398,            0.626415,             11081.4,

0.001001,             0.34034,            0.632724,            0.625746,             11081.4,

0.001001,            0.341341,            0.632046,            0.625073,             11081.4,

0.001001,            0.342342,            0.631365,            0.624396,             11081.4,

0.001001,            0.343343,            0.630681,            0.623717,             11081.4,

0.001001,            0.344344,            0.629993,            0.623034,             11081.4,

0.001001,            0.345345,            0.629303,            0.622348,             11081.4,

0.001001,            0.346346,            0.628609,            0.621659,             11081.4,

0.001001,            0.347347,            0.627912,            0.620967,             11081.4,

0.001001,            0.348348,            0.627212,            0.620272,             11081.4,

0.001001,            0.349349,            0.626508,            0.619574,             11081.4,

0.001001,             0.35035,            0.625802,            0.618873,             11081.4,

0.001001,            0.351351,            0.625093,            0.618168,             11081.4,

0.001001,            0.352352,            0.624381,            0.617461,             11081.4,

0.001001,            0.353353,            0.623665,            0.616751,             11081.4,

0.001001,            0.354354,            0.622947,            0.616038,             11081.4,

0.001001,            0.355355,            0.622226,            0.615322,             11081.4,

0.001001,            0.356356,            0.621502,            0.614603,             11081.4,

0.001001,            0.357357,            0.620775,            0.613882,             11081.4,

0.001001,            0.358358,            0.620046,            0.613158,             11081.4,

0.001001,            0.359359,            0.619313,            0.612431,             11081.4,

0.001001,             0.36036,            0.618578,            0.611701,             11081.4,

0.001001,            0.361361,            0.617841,            0.610968,             11081.4,

0.001001,            0.362362,              0.6171,            0.610233,             11081.4,

0.001001,            0.363363,            0.616357,            0.609495,             11081.4,

0.001001,            0.364364,            0.615611,            0.608755,             11081.4,

0.001001,            0.365365,            0.614862,            0.608012,             11081.4,

0.001001,            0.366366,            0.614111,            0.607266,             11081.4,

0.001001,            0.367367,            0.613358,            0.606518,             11081.4,

0.001001,            0.368368,            0.612602,            0.605767,             11081.4,

0.001001,            0.369369,            0.611843,            0.605014,             11081.4,

0.001001,             0.37037,            0.611082,            0.604259,             11081.4,

0.001001,            0.371371,            0.610318,            0.603501,             11081.4,

0.001001,            0.372372,            0.609552,             0.60274,             11081.4,

0.001001,            0.373373,            0.608783,            0.601977,             11081.4,

0.001001,            0.374374,            0.608012,            0.601212,             11081.4,

0.001001,            0.375375,            0.607239,            0.600444,             11081.4,

0.001001,            0.376376,            0.606464,            0.599675,             11081.4,

0.001001,            0.377377,            0.605686,            0.598902,             11081.4,

0.001001,            0.378378,            0.604905,            0.598128,             11081.4,

0.001001,            0.379379,            0.604123,            0.597351,             11081.4,

0.001001,             0.38038,            0.603338,            0.596572,             11081.4,

0.001001,            0.381381,            0.602551,            0.595791,             11081.4,

0.001001,            0.382382,            0.601762,            0.595007,             11081.4,

0.001001,            0.383383,             0.60097,            0.594222,             11081.4,

0.001001,            0.384384,            0.600177,            0.593434,             11081.4,

0.001001,            0.385385,            0.599381,            0.592644,             11081.4,

0.001001,            0.386386,            0.598583,            0.591852,             11081.4,

0.001001,            0.387387,            0.597783,            0.591058,             11081.4,

0.001001,            0.388388,            0.596981,            0.590262,             11081.4,

0.001001,            0.389389,            0.596177,            0.589464,             11081.4,

0.001001,             0.39039,            0.595371,            0.588664,             11081.4,

0.001001,            0.391391,            0.594563,            0.587862,             11081.4,

0.001001,            0.392392,            0.593752,            0.587058,             11081.4,

0.001001,            0.393393,             0.59294,            0.586252,             11081.4,

0.001001,            0.394394,            0.592126,            0.585444,             11081.4,

0.001001,            0.395395,             0.59131,            0.584634,             11081.4,

0.001001,            0.396396,            0.590492,            0.583822,             11081.4,

0.001001,            0.397397,            0.589672,            0.583008,             11081.4,

0.001001,            0.398398,             0.58885,            0.582193,             11081.4,

0.001001,            0.399399,            0.588027,            0.581375,             11081.4,

0.001001,              0.4004,            0.587201,            0.580556,             11081.4,

0.001001,            0.401401,            0.586374,            0.579735,             11081.4,

0.001001,            0.402402,            0.585545,            0.578912,             11081.4,

0.001001,            0.403403,            0.584714,            0.578088,             11081.4,

0.001001,            0.404404,            0.583881,            0.577261,             11081.4,

0.001001,            0.405405,            0.583047,            0.576433,             11081.4,

0.001001,            0.406406,            0.582211,            0.575603,             11081.4,

0.001001,            0.407407,            0.581373,            0.574772,             11081.4,

0.001001,            0.408408,            0.580533,            0.573938,             11081.4,

0.001001,            0.409409,            0.579692,            0.573103,             11081.4,

0.001001,             0.41041,            0.578849,            0.572267,             11081.4,

0.001001,            0.411411,            0.578004,            0.571429,             11081.4,

0.001001,            0.412412,            0.577158,            0.570589,             11081.4,

0.001001,            0.413413,             0.57631,            0.569747,             11081.4,

0.001001,            0.414414,            0.575461,            0.568904,             11081.4,

0.001001,            0.415415,             0.57461,             0.56806,             11081.4,

0.001001,            0.416416,            0.573757,            0.567214,             11081.4,

0.001001,            0.417417,            0.572903,            0.566366,             11081.4,

0.001001,            0.418418,            0.572047,            0.565517,             11081.4,

0.001001,            0.419419,             0.57119,            0.564666,             11081.4,

0.001001,             0.42042,            0.570331,            0.563814,             11081.4,

0.001001,            0.421421,            0.569471,             0.56296,             11081.4,

0.001001,            0.422422,            0.568609,            0.562105,             11081.4,

0.001001,            0.423423,            0.567746,            0.561248,             11081.4,

0.001001,            0.424424,            0.566881,             0.56039,             11081.4,

0.001001,            0.425425,            0.566015,            0.559531,             11081.4,

0.001001,            0.426426,            0.565148,             0.55867,             11081.4,

0.001001,            0.427427,            0.564279,            0.557808,             11081.4,

0.001001,            0.428428,            0.563408,            0.556944,             11081.4,

0.001001,            0.429429,            0.562537,            0.556079,             11081.4,

0.001001,             0.43043,            0.561664,            0.555212,             11081.4,

0.001001,            0.431431,            0.560789,            0.554345,             11081.4,

0.001001,            0.432432,            0.559913,            0.553476,             11081.4,

0.001001,            0.433433,            0.559036,            0.552605,             11081.4,

0.001001,            0.434434,            0.558158,            0.551734,             11081.4,

0.001001,            0.435435,            0.557278,            0.550861,             11081.4,

0.001001,            0.436436,            0.556397,            0.549986,             11081.4,

0.001001,            0.437437,            0.555515,            0.549111,             11081.4,

0.001001,            0.438438,            0.554631,            0.548234,             11081.4,

0.001001,            0.439439,            0.553747,            0.547356,             11081.4,

0.001001,             0.44044,             0.55286,            0.546477,             11081.4,

0.001001,            0.441441,            0.551973,            0.545597,             11081.4,

0.001001,            0.442442,            0.551085,            0.544715,             11081.4,

0.001001,            0.443443,            0.550195,            0.543832,             11081.4,

0.001001,            0.444444,            0.549304,            0.542948,             11081.4,

0.001001,            0.445445,            0.548412,            0.542063,             11081.4,

0.001001,            0.446446,            0.547519,            0.541177,             11081.4,

0.001001,            0.447447,            0.546625,            0.540289,             11081.4,

0.001001,            0.448448,            0.545729,            0.539401,             11081.4,

0.001001,            0.449449,            0.544833,            0.538511,             11081.4,

0.001001,             0.45045,            0.543935,             0.53762,             11081.4,

0.001001,            0.451451,            0.543036,            0.536728,             11081.4,

0.001001,            0.452452,            0.542136,            0.535835,             11081.4,

0.001001,            0.453453,            0.541235,            0.534941,             11081.4,

0.001001,            0.454454,            0.540333,            0.534046,             11081.4,

0.001001,            0.455455,             0.53943,             0.53315,             11081.4,

0.001001,            0.456456,            0.538525,            0.532253,             11081.4,

0.001001,            0.457457,             0.53762,            0.531354,             11081.4,

0.001001,            0.458458,            0.536714,            0.530455,             11081.4,

0.001001,            0.459459,            0.535807,            0.529555,             11081.4,

0.001001,             0.46046,            0.534898,            0.528653,             11081.4,

0.001001,            0.461461,            0.533989,            0.527751,             11081.4,

0.001001,            0.462462,            0.533079,            0.526848,             11081.4,

0.001001,            0.463463,            0.532167,            0.525944,             11081.4,

0.001001,            0.464464,            0.531255,            0.525038,             11081.4,

0.001001,            0.465465,            0.530342,            0.524132,             11081.4,

0.001001,            0.466466,            0.529427,            0.523225,             11081.4,

0.001001,            0.467467,            0.528512,            0.522317,             11081.4,

0.001001,            0.468468,            0.527596,            0.521408,             11081.4,

0.001001,            0.469469,            0.526679,            0.520498,             11081.4,

0.001001,             0.47047,            0.525761,            0.519588,             11081.4,

0.001001,            0.471471,            0.524842,            0.518676,             11081.4,

0.001001,            0.472472,            0.523923,            0.517763,             11081.4,

0.001001,            0.473473,            0.523002,             0.51685,             11081.4,

0.001001,            0.474474,            0.522081,            0.515935,             11081.4,

0.001001,            0.475475,            0.521158,             0.51502,             11081.4,

0.001001,            0.476476,            0.520235,            0.514104,             11081.4,

0.001001,            0.477477,            0.519311,            0.513187,             11081.4,

0.001001,            0.478478,            0.518386,             0.51227,             11081.4,

0.001001,            0.479479,             0.51746,            0.511351,             11081.4,

0.001001,             0.48048,            0.516534,            0.510432,             11081.4,

0.001001,            0.481481,            0.515606,            0.509511,             11081.4,

0.001001,            0.482482,            0.514678,             0.50859,             11081.4,

0.001001,            0.483483,            0.513749,            0.507669,             11081.4,

0.001001,            0.484484,            0.512819,            0.506746,             11081.4,

0.001001,            0.485485,            0.511888,            0.505823,             11081.4,

0.001001,            0.486486,            0.510957,            0.504899,             11081.4,

0.001001,            0.487487,            0.510025,            0.503974,             11081.4,

0.001001,            0.488488,            0.509092,            0.503048,             11081.4,

0.001001,            0.489489,            0.508158,            0.502122,             11081.4,

0.001001,             0.49049,            0.507224,            0.501194,             11081.4,

0.001001,            0.491491,            0.506289,            0.500267,             11081.4,

0.001001,            0.492492,            0.505353,            0.499338,             11081.4,

0.001001,            0.493493,            0.504416,            0.498409,             11081.4,

0.001001,            0.494494,            0.503479,            0.497479,             11081.4,

0.001001,            0.495495,            0.502541,            0.496548,             11081.4,

0.001001,            0.496496,            0.501602,            0.495616,             11081.4,

0.001001,            0.497497,            0.500662,            0.494684,             11081.4,

0.001001,            0.498498,            0.499722,            0.493751,             11081.4,

0.001001,            0.499499,            0.498781,            0.492818,             11081.4,

0.001001,            0.500501,             0.49784,            0.491884,             11081.4,

0.001001,            0.501502,            0.496897,            0.490949,             11081.4,

0.001001,            0.502503,            0.495955,            0.490013,             11081.4,

0.001001,            0.503504,            0.495011,            0.489077,             11081.4,

0.001001,            0.504505,            0.494067,             0.48814,             11081.4,

0.001001,            0.505506,            0.493122,            0.487203,             11081.4,

0.001001,            0.506507,            0.492176,            0.486265,             11081.4,

0.001001,            0.507508,             0.49123,            0.485326,             11081.4,

0.001001,            0.508509,            0.490284,            0.484387,             11081.4,

0.001001,             0.50951,            0.489336,            0.483447,             11081.4,

0.001001,            0.510511,            0.488388,            0.482506,             11081.4,

0.001001,            0.511512,             0.48744,            0.481565,             11081.4,

0.001001,            0.512513,             0.48649,            0.480624,             11081.4,

0.001001,            0.513514,            0.485541,            0.479681,             11081.4,

0.001001,            0.514515,             0.48459,            0.478738,             11081.4,

0.001001,            0.515516,            0.483639,            0.477795,             11081.4,

0.001001,            0.516517,            0.482688,            0.476851,             11081.4,

0.001001,            0.517518,            0.481736,            0.475906,             11081.4,

0.001001,            0.518519,            0.480783,            0.474961,             11081.4,

0.001001,             0.51952,             0.47983,            0.474015,             11081.4,

0.001001,            0.520521,            0.478876,            0.473069,             11081.4,

0.001001,            0.521522,            0.477922,            0.472122,             11081.4,

0.001001,            0.522523,            0.476967,            0.471175,             11081.4,

0.001001,            0.523524,            0.476011,            0.470227,             11081.4,

0.001001,            0.524525,            0.475055,            0.469278,             11081.4,

0.001001,            0.525526,            0.474099,            0.468329,             11081.4,

0.001001,            0.526527,            0.473142,             0.46738,             11081.4,

0.001001,            0.527528,            0.472184,             0.46643,             11081.4,

0.001001,            0.528529,            0.471226,            0.465479,             11081.4,

0.001001,             0.52953,            0.470268,            0.464528,             11081.4,

0.001001,            0.530531,            0.469309,            0.463577,             11081.4,

0.001001,            0.531532,            0.468349,            0.462625,             11081.4,

0.001001,            0.532533,            0.467389,            0.461672,             11081.4,

0.001001,            0.533534,            0.466429,            0.460719,             11081.4,

0.001001,            0.534535,            0.465468,            0.459766,             11081.4,

0.001001,            0.535536,            0.464506,            0.458812,             11081.4,

0.001001,            0.536537,            0.463544,            0.457858,             11081.4,

0.001001,            0.537538,            0.462582,            0.456903,             11081.4,

0.001001,            0.538539,            0.461619,            0.455948,             11081.4,

0.001001,             0.53954,            0.460656,            0.454992,             11081.4,

0.001001,            0.540541,            0.459692,            0.454036,             11081.4,

0.001001,            0.541542,            0.458728,            0.453079,             11081.4,

0.001001,            0.542543,            0.457763,            0.452122,             11081.4,

0.001001,            0.543544,            0.456798,            0.451164,             11081.4,

0.001001,            0.544545,            0.455832,            0.450206,             11081.4,

0.001001,            0.545546,            0.454866,            0.449248,             11081.4,

0.001001,            0.546547,              0.4539,            0.448289,             11081.4,

0.001001,            0.547548,            0.452933,             0.44733,             11081.4,

0.001001,            0.548549,            0.451966,             0.44637,             11081.4,

0.001001,             0.54955,            0.450998,             0.44541,             11081.4,

0.001001,            0.550551,             0.45003,             0.44445,             11081.4,

0.001001,            0.551552,            0.449061,            0.443489,             11081.4,

0.001001,            0.552553,            0.448092,            0.442527,             11081.4,

0.001001,            0.553554,            0.447123,            0.441566,             11081.4,

0.001001,            0.554555,            0.446153,            0.440604,             11081.4,

0.001001,            0.555556,            0.445183,            0.439641,             11081.4,

0.001001,            0.556557,            0.444213,            0.438678,             11081.4,

0.001001,            0.557558,            0.443242,            0.437715,             11081.4,

0.001001,            0.558559,             0.44227,            0.436752,             11081.4,

0.001001,             0.55956,            0.441299,            0.435788,             11081.4,

0.001001,            0.560561,            0.440327,            0.434823,             11081.4,

0.001001,            0.561562,            0.439354,            0.433859,             11081.4,

0.001001,            0.562563,            0.438382,            0.432894,             11081.4,

0.001001,            0.563564,            0.437409,            0.431928,             11081.4,

0.001001,            0.564565,            0.436435,            0.430962,             11081.4,

0.001001,            0.565566,            0.435461,            0.429996,             11081.4,

0.001001,            0.566567,            0.434487,             0.42903,             11081.4,

0.001001,            0.567568,            0.433513,            0.428063,             11081.4,

0.001001,            0.568569,            0.432538,            0.427096,             11081.4,

0.001001,             0.56957,            0.431563,            0.426128,             11081.4,

0.001001,            0.570571,            0.430587,            0.425161,             11081.4,

0.001001,            0.571572,            0.429611,            0.424192,             11081.4,

0.001001,            0.572573,            0.428635,            0.423224,             11081.4,

0.001001,            0.573574,            0.427659,            0.422255,             11081.4,

0.001001,            0.574575,            0.426682,            0.421286,             11081.4,

0.001001,            0.575576,            0.425705,            0.420317,             11081.4,

0.001001,            0.576577,            0.424727,            0.419347,             11081.4,

0.001001,            0.577578,            0.423749,            0.418377,             11081.4,

0.001001,            0.578579,            0.422771,            0.417406,             11081.4,

0.001001,             0.57958,            0.421793,            0.416436,             11081.4,

0.001001,            0.580581,            0.420814,            0.415465,             11081.4,

0.001001,            0.581582,            0.419835,            0.414493,             11081.4,

0.001001,            0.582583,            0.418856,            0.413522,             11081.4,

0.001001,            0.583584,            0.417876,             0.41255,             11081.4,

0.001001,            0.584585,            0.416896,            0.411578,             11081.4,

0.001001,            0.585586,            0.415916,            0.410605,             11081.4,

0.001001,            0.586587,            0.414936,            0.409633,             11081.4,

0.001001,            0.587588,            0.413955,             0.40866,             11081.4,

0.001001,            0.588589,            0.412974,            0.407686,             11081.4,

0.001001,             0.58959,            0.411992,            0.406713,             11081.4,

0.001001,            0.590591,            0.411011,            0.405739,             11081.4,

0.001001,            0.591592,            0.410029,            0.404765,             11081.4,

0.001001,            0.592593,            0.409047,            0.403791,             11081.4,

0.001001,            0.593594,            0.408064,            0.402816,             11081.4,

0.001001,            0.594595,            0.407082,            0.401841,             11081.4,

0.001001,            0.595596,            0.406099,            0.400866,             11081.4,

0.001001,            0.596597,            0.405116,            0.399891,             11081.4,

0.001001,            0.597598,            0.404132,            0.398915,             11081.4,

0.001001,            0.598599,            0.403148,            0.397939,             11081.4,

0.001001,              0.5996,            0.402164,            0.396963,             11081.4,

0.001001,            0.600601,             0.40118,            0.395986,             11081.4,

0.001001,            0.601602,            0.400196,             0.39501,             11081.4,

0.001001,            0.602603,            0.399211,            0.394033,             11081.4,

0.001001,            0.603604,            0.398226,            0.393056,             11081.4,

0.001001,            0.604605,            0.397241,            0.392078,             11081.4,

0.001001,            0.605606,            0.396256,            0.391101,             11081.4,

0.001001,            0.606607,             0.39527,            0.390123,             11081.4,

0.001001,            0.607608,            0.394284,            0.389145,             11081.4,

0.001001,            0.608609,            0.393298,            0.388166,             11081.4,

0.001001,             0.60961,            0.392312,            0.387188,             11081.4,

0.001001,            0.610611,            0.391325,            0.386209,             11081.4,

0.001001,            0.611612,            0.390338,             0.38523,             11081.4,

0.001001,            0.612613,            0.389351,            0.384251,             11081.4,

0.001001,            0.613614,            0.388364,            0.383272,             11081.4,

0.001001,            0.614615,            0.387376,            0.382292,             11081.4,

0.001001,            0.615616,            0.386389,            0.381312,             11081.4,

0.001001,            0.616617,            0.385401,            0.380332,             11081.4,

0.001001,            0.617618,            0.384413,            0.379352,             11081.4,

0.001001,            0.618619,            0.383425,            0.378371,             11081.4,

0.001001,             0.61962,            0.382436,            0.377391,             11081.4,

0.001001,            0.620621,            0.381447,             0.37641,             11081.4,

0.001001,            0.621622,            0.380458,            0.375429,             11081.4,

0.001001,            0.622623,            0.379469,            0.374447,             11081.4,

0.001001,            0.623624,             0.37848,            0.373466,             11081.4,

0.001001,            0.624625,             0.37749,            0.372484,             11081.4,

0.001001,            0.625626,            0.376501,            0.371503,             11081.4,

0.001001,            0.626627,            0.375511,             0.37052,             11081.4,

0.001001,            0.627628,            0.374521,            0.369538,             11081.4,

0.001001,            0.628629,            0.373531,            0.368556,             11081.4,

0.001001,             0.62963,             0.37254,            0.367573,             11081.4,

0.001001,            0.630631,            0.371549,             0.36659,             11081.4,

0.001001,            0.631632,            0.370559,            0.365607,             11081.4,

0.001001,            0.632633,            0.369568,            0.364624,             11081.4,

0.001001,            0.633634,            0.368576,            0.363641,             11081.4,

0.001001,            0.634635,            0.367585,            0.362658,             11081.4,

0.001001,            0.635636,            0.366594,            0.361674,             11081.4,

0.001001,            0.636637,            0.365602,             0.36069,             11081.4,

0.001001,            0.637638,             0.36461,            0.359706,             11081.4,

0.001001,            0.638639,            0.363618,            0.358722,             11081.4,

0.001001,             0.63964,            0.362626,            0.357737,             11081.4,

0.001001,            0.640641,            0.361633,            0.356753,             11081.4,

0.001001,            0.641642,            0.360641,            0.355768,             11081.4,

0.001001,            0.642643,            0.359648,            0.354783,             11081.4,

0.001001,            0.643644,            0.358655,            0.353798,             11081.4,

0.001001,            0.644645,            0.357662,            0.352813,             11081.4,

0.001001,            0.645646,            0.356669,            0.351828,             11081.4,

0.001001,            0.646647,            0.355676,            0.350843,             11081.4,

0.001001,            0.647648,            0.354682,            0.349857,             11081.4,

0.001001,            0.648649,            0.353688,            0.348871,             11081.4,

0.001001,             0.64965,            0.352695,            0.347885,             11081.4,

0.001001,            0.650651,            0.351701,            0.346899,             11081.4,

0.001001,            0.651652,            0.350706,            0.345913,             11081.4,

0.001001,            0.652653,            0.349712,            0.344927,             11081.4,

0.001001,            0.653654,            0.348718,             0.34394,             11081.4,

0.001001,            0.654655,            0.347723,            0.342953,             11081.4,

0.001001,            0.655656,            0.346728,            0.341967,             11081.4,

0.001001,            0.656657,            0.345734,             0.34098,             11081.4,

0.001001,            0.657658,            0.344739,            0.339993,             11081.4,

0.001001,            0.658659,            0.343744,            0.339005,             11081.4,

0.001001,             0.65966,            0.342748,            0.338018,             11081.4,

0.001001,            0.660661,            0.341753,             0.33703,             11081.4,

0.001001,            0.661662,            0.340757,            0.336043,             11081.4,

0.001001,            0.662663,            0.339762,            0.335055,             11081.4,

0.001001,            0.663664,            0.338766,            0.334067,             11081.4,

0.001001,            0.664665,             0.33777,            0.333079,             11081.4,

0.001001,            0.665666,            0.336774,            0.332091,             11081.4,

0.001001,            0.666667,            0.335778,            0.331103,             11081.4,

0.001001,            0.667668,            0.334781,            0.330114,             11081.4,

0.001001,            0.668669,            0.333785,            0.329126,             11081.4,

0.001001,             0.66967,            0.332788,            0.328137,             11081.4,

0.001001,            0.670671,            0.331792,            0.327148,             11081.4,

0.001001,            0.671672,            0.330795,            0.326159,             11081.4,

0.001001,            0.672673,            0.329798,             0.32517,             11081.4,

0.001001,            0.673674,            0.328801,            0.324181,             11081.4,

0.001001,            0.674675,            0.327804,            0.323192,             11081.4,

0.001001,            0.675676,            0.326806,            0.322203,             11081.4,

0.001001,            0.676677,            0.325809,            0.321213,             11081.4,

0.001001,            0.677678,            0.324811,            0.320224,             11081.4,

0.001001,            0.678679,            0.323814,            0.319234,             11081.4,

0.001001,             0.67968,            0.322816,            0.318244,             11081.4,

0.001001,            0.680681,            0.321818,            0.317254,             11081.4,

0.001001,            0.681682,             0.32082,            0.316264,             11081.4,

0.001001,            0.682683,            0.319822,            0.315274,             11081.4,

0.001001,            0.683684,            0.318824,            0.314284,             11081.4,

0.001001,            0.684685,            0.317825,            0.313293,             11081.4,

0.001001,            0.685686,            0.316827,            0.312303,             11081.4,

0.001001,            0.686687,            0.315829,            0.311312,             11081.4,

0.001001,            0.687688,             0.31483,            0.310321,             11081.4,

0.001001,            0.688689,            0.313831,            0.309331,             11081.4,

0.001001,             0.68969,            0.312832,             0.30834,             11081.4,

0.001001,            0.690691,            0.311833,            0.307349,             11081.4,

0.001001,            0.691692,            0.310834,            0.306358,             11081.4,

0.001001,            0.692693,            0.309835,            0.305367,             11081.4,

0.001001,            0.693694,            0.308836,            0.304375,             11081.4,

0.001001,            0.694695,            0.307837,            0.303384,             11081.4,

0.001001,            0.695696,            0.306837,            0.302392,             11081.4,

0.001001,            0.696697,            0.305838,            0.301401,             11081.4,

0.001001,            0.697698,            0.304838,            0.300409,             11081.4,

0.001001,            0.698699,            0.303838,            0.299417,             11081.4,

0.001001,              0.6997,            0.302839,            0.298426,             11081.4,

0.001001,            0.700701,            0.301839,            0.297434,             11081.4,

0.001001,            0.701702,            0.300839,            0.296442,             11081.4,

0.001001,            0.702703,            0.299839,             0.29545,             11081.4,

0.001001,            0.703704,            0.298839,            0.294457,             11081.4,

0.001001,            0.704705,            0.297838,            0.293465,             11081.4,

0.001001,            0.705706,            0.296838,            0.292473,             11081.4,

0.001001,            0.706707,            0.295838,             0.29148,             11081.4,

0.001001,            0.707708,            0.294837,            0.290488,             11081.4,

0.001001,            0.708709,            0.293837,            0.289495,             11081.4,

0.001001,             0.70971,            0.292836,            0.288502,             11081.4,

0.001001,            0.710711,            0.291835,            0.287509,             11081.4,

0.001001,            0.711712,            0.290834,            0.286517,             11081.4,

0.001001,            0.712713,            0.289833,            0.285524,             11081.4,

0.001001,            0.713714,            0.288832,            0.284531,             11081.4,

0.001001,            0.714715,            0.287831,            0.283538,             11081.4,

0.001001,            0.715716,             0.28683,            0.282544,             11081.4,

0.001001,            0.716717,            0.285829,            0.281551,             11081.4,

0.001001,            0.717718,            0.284828,            0.280558,             11081.4,

0.001001,            0.718719,            0.283826,            0.279564,             11081.4,

0.001001,             0.71972,            0.282825,            0.278571,             11081.4,

0.001001,            0.720721,            0.281823,            0.277577,             11081.4,

0.001001,            0.721722,            0.280822,            0.276584,             11081.4,

0.001001,            0.722723,             0.27982,             0.27559,             11081.4,

0.001001,            0.723724,            0.278818,            0.274596,             11081.4,

0.001001,            0.724725,            0.277816,            0.273602,             11081.4,

0.001001,            0.725726,            0.276814,            0.272608,             11081.4,

0.001001,            0.726727,            0.275812,            0.271614,             11081.4,

0.001001,            0.727728,             0.27481,             0.27062,             11081.4,

0.001001,            0.728729,            0.273808,            0.269626,             11081.4,

0.001001,             0.72973,            0.272806,            0.268632,             11081.4,

0.001001,            0.730731,            0.271804,            0.267638,             11081.4,

0.001001,            0.731732,            0.270801,            0.266643,             11081.4,

0.001001,            0.732733,            0.269799,            0.265649,             11081.4,

0.001001,            0.733734,            0.268797,            0.264654,             11081.4,

0.001001,            0.734735,            0.267794,             0.26366,             11081.4,

0.001001,            0.735736,            0.266792,            0.262665,             11081.4,

0.001001,            0.736737,            0.265789,            0.261671,             11081.4,

0.001001,            0.737738,            0.264786,            0.260676,             11081.4,

0.001001,            0.738739,            0.263783,            0.259681,             11081.4,

0.001001,             0.73974,            0.262781,            0.258686,             11081.4,

0.001001,            0.740741,            0.261778,            0.257691,             11081.4,

0.001001,            0.741742,            0.260775,            0.256696,             11081.4,

0.001001,            0.742743,            0.259772,            0.255701,             11081.4,

0.001001,            0.743744,            0.258769,            0.254706,             11081.4,

0.001001,            0.744745,            0.257765,            0.253711,             11081.4,

0.001001,            0.745746,            0.256762,            0.252716,             11081.4,

0.001001,            0.746747,            0.255759,            0.251721,             11081.4,

0.001001,            0.747748,            0.254756,            0.250725,             11081.4,

0.001001,            0.748749,            0.253752,             0.24973,             11081.4,

0.001001,             0.74975,            0.252749,            0.248734,             11081.4,

0.001001,            0.750751,            0.251745,            0.247739,             11081.4,

0.001001,            0.751752,            0.250742,            0.246743,             11081.4,

0.001001,            0.752753,            0.249738,            0.245748,             11081.4,

0.001001,            0.753754,            0.248735,            0.244752,             11081.4,

0.001001,            0.754755,            0.247731,            0.243756,             11081.4,

0.001001,            0.755756,            0.246727,            0.242761,             11081.4,

0.001001,            0.756757,            0.245723,            0.241765,             11081.4,

0.001001,            0.757758,             0.24472,            0.240769,             11081.4,

0.001001,            0.758759,            0.243716,            0.239773,             11081.4,

0.001001,             0.75976,            0.242712,            0.238777,             11081.4,

0.001001,            0.760761,            0.241708,            0.237781,             11081.4,

0.001001,            0.761762,            0.240704,            0.236785,             11081.4,

0.001001,            0.762763,              0.2397,            0.235789,             11081.4,

0.001001,            0.763764,            0.238695,            0.234793,             11081.4,

0.001001,            0.764765,            0.237691,            0.233797,             11081.4,

0.001001,            0.765766,            0.236687,              0.2328,             11081.4,

0.001001,            0.766767,            0.235683,            0.231804,             11081.4,

0.001001,            0.767768,            0.234678,            0.230808,             11081.4,

0.001001,            0.768769,            0.233674,            0.229811,             11081.4,

0.001001,             0.76977,             0.23267,            0.228815,             11081.4,

0.001001,            0.770771,            0.231665,            0.227818,             11081.4,

0.001001,            0.771772,            0.230661,            0.226822,             11081.4,

0.001001,            0.772773,            0.229656,            0.225825,             11081.4,

0.001001,            0.773774,            0.228651,            0.224829,             11081.4,

0.001001,            0.774775,            0.227647,            0.223832,             11081.4,

0.001001,            0.775776,            0.226642,            0.222835,             11081.4,

0.001001,            0.776777,            0.225637,            0.221839,             11081.4,

0.001001,            0.777778,            0.224633,            0.220842,             11081.4,

0.001001,            0.778779,            0.223628,            0.219845,             11081.4,

0.001001,             0.77978,            0.222623,            0.218848,             11081.4,

0.001001,            0.780781,            0.221618,            0.217851,             11081.4,

0.001001,            0.781782,            0.220613,            0.216854,             11081.4,

0.001001,            0.782783,            0.219608,            0.215857,             11081.4,

0.001001,            0.783784,            0.218603,             0.21486,             11081.4,

0.001001,            0.784785,            0.217598,            0.213863,             11081.4,

0.001001,            0.785786,            0.216593,            0.212866,             11081.4,

0.001001,            0.786787,            0.215588,            0.211869,             11081.4,

0.001001,            0.787788,            0.214582,            0.210872,             11081.4,

0.001001,            0.788789,            0.213577,            0.209875,             11081.4,

0.001001,             0.78979,            0.212572,            0.208877,             11081.4,

0.001001,            0.790791,            0.211567,             0.20788,             11081.4,

0.001001,            0.791792,            0.210561,            0.206883,             11081.4,

0.001001,            0.792793,            0.209556,            0.205885,             11081.4,

0.001001,            0.793794,            0.208551,            0.204888,             11081.4,

0.001001,            0.794795,            0.207545,             0.20389,             11081.4,

0.001001,            0.795796,             0.20654,            0.202893,             11081.4,

0.001001,            0.796797,            0.205534,            0.201895,             11081.4,

0.001001,            0.797798,            0.204529,            0.200898,             11081.4,

0.001001,            0.798799,            0.203523,              0.1999,             11081.4,

0.001001,              0.7998,            0.202517,            0.198903,             11081.4,

0.001001,            0.800801,            0.201512,            0.197905,             11081.4,

0.001001,            0.801802,            0.200506,            0.196907,             11081.4,

0.001001,            0.802803,              0.1995,             0.19591,             11081.4,

0.001001,            0.803804,            0.198495,            0.194912,             11081.4,

0.001001,            0.804805,            0.197489,            0.193914,             11081.4,

0.001001,            0.805806,            0.196483,            0.192916,             11081.4,

0.001001,            0.806807,            0.195477,            0.191919,             11081.4,

0.001001,            0.807808,            0.194471,            0.190921,             11081.4,

0.001001,            0.808809,            0.193465,            0.189923,             11081.4,

0.001001,             0.80981,            0.192459,            0.188925,             11081.4,

0.001001,            0.810811,            0.191453,            0.187927,             11081.4,

0.001001,            0.811812,            0.190447,            0.186929,             11081.4,

0.001001,            0.812813,            0.189441,            0.185931,             11081.4,

0.001001,            0.813814,            0.188435,            0.184933,             11081.4,

0.001001,            0.814815,            0.187429,            0.183935,             11081.4,

0.001001,            0.815816,            0.186423,            0.182937,             11081.4,

0.001001,            0.816817,            0.185417,            0.181939,             11081.4,

0.001001,            0.817818,            0.184411,             0.18094,             11081.4,

0.001001,            0.818819,            0.183405,            0.179942,             11081.4,

0.001001,             0.81982,            0.182398,            0.178944,             11081.4,

0.001001,            0.820821,            0.181392,            0.177946,             11081.4,

0.001001,            0.821822,            0.180386,            0.176948,             11081.4,

0.001001,            0.822823,             0.17938,            0.175949,             11081.4,

0.001001,            0.823824,            0.178373,            0.174951,             11081.4,

0.001001,            0.824825,            0.177367,            0.173953,             11081.4,

0.001001,            0.825826,             0.17636,            0.172954,             11081.4,

0.001001,            0.826827,            0.175354,            0.171956,             11081.4,

0.001001,            0.827828,            0.174348,            0.170957,             11081.4,

0.001001,            0.828829,            0.173341,            0.169959,             11081.4,

0.001001,             0.82983,            0.172335,             0.16896,             11081.4,

0.001001,            0.830831,            0.171328,            0.167962,             11081.4,

0.001001,            0.831832,            0.170322,            0.166963,             11081.4,

0.001001,            0.832833,            0.169315,            0.165965,             11081.4,

0.001001,            0.833834,            0.168308,            0.164966,             11081.4,

0.001001,            0.834835,            0.167302,            0.163968,             11081.4,

0.001001,            0.835836,            0.166295,            0.162969,             11081.4,

0.001001,            0.836837,            0.165289,             0.16197,             11081.4,

0.001001,            0.837838,            0.164282,            0.160972,             11081.4,

0.001001,            0.838839,            0.163275,            0.159973,             11081.4,

0.001001,             0.83984,            0.162268,            0.158974,             11081.4,

0.001001,            0.840841,            0.161262,            0.157976,             11081.4,

0.001001,            0.841842,            0.160255,            0.156977,             11081.4,

0.001001,            0.842843,            0.159248,            0.155978,             11081.4,

0.001001,            0.843844,            0.158241,            0.154979,             11081.4,

0.001001,            0.844845,            0.157234,             0.15398,             11081.4,

0.001001,            0.845846,            0.156228,            0.152982,             11081.4,

0.001001,            0.846847,            0.155221,            0.151983,             11081.4,

0.001001,            0.847848,            0.154214,            0.150984,             11081.4,

0.001001,            0.848849,            0.153207,            0.149985,             11081.4,

0.001001,             0.84985,              0.1522,            0.148986,             11081.4,

0.001001,            0.850851,            0.151193,            0.147987,             11081.4,

0.001001,            0.851852,            0.150186,            0.146988,             11081.4,

0.001001,            0.852853,            0.149179,            0.145989,             11081.4,

0.001001,            0.853854,            0.148172,             0.14499,             11081.4,

0.001001,            0.854855,            0.147165,            0.143991,             11081.4,

0.001001,            0.855856,            0.146158,            0.142992,             11081.4,

0.001001,            0.856857,            0.145151,            0.141993,             11081.4,

0.001001,            0.857858,            0.144144,            0.140994,             11081.4,

0.001001,            0.858859,            0.143136,            0.139995,             11081.4,

0.001001,             0.85986,            0.142129,            0.138996,             11081.4,

0.001001,            0.860861,            0.141122,            0.137997,             11081.4,

0.001001,            0.861862,            0.140115,            0.136997,             11081.4,

0.001001,            0.862863,            0.139108,            0.135998,             11081.4,

0.001001,            0.863864,            0.138101,            0.134999,             11081.4,

0.001001,            0.864865,            0.137093,               0.134,             11081.4,

0.001001,            0.865866,            0.136086,            0.133001,             11081.4,

0.001001,            0.866867,            0.135079,            0.132001,             11081.4,

0.001001,            0.867868,            0.134071,            0.131002,             11081.4,

0.001001,            0.868869,            0.133064,            0.130003,             11081.4,

0.001001,             0.86987,            0.132057,            0.129004,             11081.4,

0.001001,            0.870871,             0.13105,            0.128004,             11081.4,

0.001001,            0.871872,            0.130042,            0.127005,             11081.4,

0.001001,            0.872873,            0.129035,            0.126006,             11081.4,

0.001001,            0.873874,            0.128027,            0.125006,             11081.4,

0.001001,            0.874875,             0.12702,            0.124007,             11081.4,

0.001001,            0.875876,            0.126013,            0.123007,             11081.4,

0.001001,            0.876877,            0.125005,            0.122008,             11081.4,

0.001001,            0.877878,            0.123998,            0.121009,             11081.4,

0.001001,            0.878879,             0.12299,            0.120009,             11081.4,

0.001001,             0.87988,            0.121983,             0.11901,             11081.4,

0.001001,            0.880881,            0.120975,             0.11801,             11081.4,

0.001001,            0.881882,            0.119968,            0.117011,             11081.4,

0.001001,            0.882883,             0.11896,            0.116011,             11081.4,

0.001001,            0.883884,            0.117953,            0.115012,             11081.4,

0.001001,            0.884885,            0.116945,            0.114012,             11081.4,

0.001001,            0.885886,            0.115938,            0.113013,             11081.4,

0.001001,            0.886887,             0.11493,            0.112013,             11081.4,

0.001001,            0.887888,            0.113922,            0.111014,             11081.4,

0.001001,            0.888889,            0.112915,            0.110014,             11081.4,

0.001001,             0.88989,            0.111907,            0.109014,             11081.4,

0.001001,            0.890891,              0.1109,            0.108015,             11081.4,

0.001001,            0.891892,            0.109892,            0.107015,             11081.4,

0.001001,            0.892893,            0.108884,            0.106016,             11081.4,

0.001001,            0.893894,            0.107877,            0.105016,             11081.4,

0.001001,            0.894895,            0.106869,            0.104016,             11081.4,

0.001001,            0.895896,            0.105861,            0.103017,             11081.4,

0.001001,            0.896897,            0.104853,            0.102017,             11081.4,

0.001001,            0.897898,            0.103846,            0.101017,             11081.4,

0.001001,            0.898899,            0.102838,            0.100017,             11081.4,

0.001001,              0.8999,             0.10183,           0.0990177,             11081.4,

0.001001,            0.900901,            0.100822,            0.098018,             11081.4,

0.001001,            0.901902,           0.0998147,           0.0970182,             11081.4,

0.001001,            0.902903,           0.0988069,           0.0960184,             11081.4,

0.001001,            0.903904,           0.0977991,           0.0950187,             11081.4,

0.001001,            0.904905,           0.0967912,           0.0940189,             11081.4,

0.001001,            0.905906,           0.0957834,           0.0930191,             11081.4,

0.001001,            0.906907,           0.0947756,           0.0920193,             11081.4,

0.001001,            0.907908,           0.0937677,           0.0910195,             11081.4,

0.001001,            0.908909,           0.0927599,           0.0900196,             11081.4,

0.001001,             0.90991,            0.091752,           0.0890198,             11081.4,

0.001001,            0.910911,           0.0907441,           0.0880199,             11081.4,

0.001001,            0.911912,           0.0897362,           0.0870201,             11081.4,

0.001001,            0.912913,           0.0887283,           0.0860202,             11081.4,

0.001001,            0.913914,           0.0877204,           0.0850203,             11081.4,

0.001001,            0.914915,           0.0867125,           0.0840204,             11081.4,

0.001001,            0.915916,           0.0857045,           0.0830205,             11081.4,

0.001001,            0.916917,           0.0846966,           0.0820206,             11081.4,

0.001001,            0.917918,           0.0836886,           0.0810207,             11081.4,

0.001001,            0.918919,           0.0826806,           0.0800207,             11081.4,

0.001001,             0.91992,           0.0816727,           0.0790208,             11081.4,

0.001001,            0.920921,           0.0806647,           0.0780208,             11081.4,

0.001001,            0.921922,           0.0796567,           0.0770208,             11081.4,

0.001001,            0.922923,           0.0786487,           0.0760209,             11081.4,

0.001001,            0.923924,           0.0776406,           0.0750209,             11081.4,

0.001001,            0.924925,           0.0766326,           0.0740209,             11081.4,

0.001001,            0.925926,           0.0756246,           0.0730209,             11081.4,

0.001001,            0.926927,           0.0746165,           0.0720209,             11081.4,

0.001001,            0.927928,           0.0736085,           0.0710208,             11081.4,

0.001001,            0.928929,           0.0726004,           0.0700208,             11081.4,

0.001001,             0.92993,           0.0715923,           0.0690208,             11081.4,

0.001001,            0.930931,           0.0705842,           0.0680207,             11081.4,

0.001001,            0.931932,           0.0695761,           0.0670206,             11081.4,

0.001001,            0.932933,            0.068568,           0.0660206,             11081.4,

0.001001,            0.933934,           0.0675599,           0.0650205,             11081.4,

0.001001,            0.934935,           0.0665518,           0.0640204,             11081.4,

0.001001,            0.935936,           0.0655437,           0.0630203,             11081.4,

0.001001,            0.936937,           0.0645355,           0.0620202,             11081.4,

0.001001,            0.937938,           0.0635274,           0.0610201,             11081.4,

0.001001,            0.938939,           0.0625192,             0.06002,             11081.4,

0.001001,             0.93994,            0.061511,           0.0590198,             11081.4,

0.001001,            0.940941,           0.0605029,           0.0580197,             11081.4,

0.001001,            0.941942,           0.0594947,           0.0570195,             11081.4,

0.001001,            0.942943,           0.0584865,           0.0560194,             11081.4,

0.001001,            0.943944,           0.0574783,           0.0550192,             11081.4,

0.001001,            0.944945,           0.0564701,           0.0540191,             11081.4,

0.001001,            0.945946,           0.0554619,           0.0530189,             11081.4,

0.001001,            0.946947,           0.0544537,           0.0520187,             11081.4,

0.001001,            0.947948,           0.0534454,           0.0510185,             11081.4,

0.001001,            0.948949,           0.0524372,           0.0500183,             11081.4,

0.001001,             0.94995,            0.051429,           0.0490181,             11081.4,

0.001001,            0.950951,           0.0504207,           0.0480179,             11081.4,

0.001001,            0.951952,           0.0494124,           0.0470176,             11081.4,

0.001001,            0.952953,           0.0484042,           0.0460174,             11081.4,

0.001001,            0.953954,           0.0473959,           0.0450172,             11081.4,

0.001001,            0.954955,           0.0463876,           0.0440169,             11081.4,

0.001001,            0.955956,           0.0453793,           0.0430167,             11081.4,

0.001001,            0.956957,            0.044371,           0.0420164,             11081.4,

0.001001,            0.957958,           0.0433627,           0.0410161,             11081.4,

0.001001,            0.958959,           0.0423544,           0.0400159,             11081.4,

0.001001,             0.95996,           0.0413461,           0.0390156,             11081.4,

0.001001,            0.960961,           0.0403378,           0.0380153,             11081.4,

0.001001,            0.961962,           0.0393295,            0.037015,             11081.4,

0.001001,            0.962963,           0.0383211,           0.0360147,             11081.4,

0.001001,            0.963964,           0.0373128,           0.0350144,             11081.4,

0.001001,            0.964965,           0.0363044,           0.0340141,             11081.4,

0.001001,            0.965966,           0.0352961,           0.0330138,             11081.4,

0.001001,            0.966967,           0.0342877,           0.0320134,             11081.4,

0.001001,            0.967968,           0.0332793,           0.0310131,             11081.4,

0.001001,            0.968969,            0.032271,           0.0300128,             11081.4,

0.001001,             0.96997,           0.0312626,           0.0290124,             11081.4,

0.001001,            0.970971,           0.0302542,           0.0280121,             11081.4,

0.001001,            0.971972,           0.0292458,           0.0270117,             11081.4,

0.001001,            0.972973,           0.0282374,           0.0260113,             11081.4,

0.001001,            0.973974,            0.027229,            0.025011,             11081.4,

0.001001,            0.974975,           0.0262206,           0.0240106,             11081.4,

0.001001,            0.975976,           0.0252122,           0.0230102,             11081.4,

0.001001,            0.976977,           0.0242037,           0.0220098,             11081.4,

0.001001,            0.977978,           0.0231953,           0.0210094,             11081.4,

0.001001,            0.978979,           0.0221869,            0.020009,             11081.4,

0.001001,             0.97998,           0.0211784,           0.0190086,             11081.4,

0.001001,            0.980981,             0.02017,           0.0180082,             11081.4,

0.001001,            0.981982,           0.0191615,           0.0170078,             11081.4,

0.001001,            0.982983,           0.0181531,           0.0160074,             11081.4,

0.001001,            0.983984,           0.0171446,            0.015007,             11081.4,

0.001001,            0.984985,           0.0161362,           0.0140065,             11081.4,

0.001001,            0.985986,           0.0151277,           0.0130061,             11081.4,

0.001001,            0.986987,           0.0141192,           0.0120057,             11081.4,

0.001001,            0.987988,           0.0131107,           0.0110052,             11081.4,

0.001001,            0.988989,           0.0121022,           0.0100048,             11081.4,

0.001001,             0.98999,           0.0110937,          0.00900432,             11081.4,

0.001001,            0.990991,           0.0100852,          0.00800386,             11081.4,

0.001001,            0.991992,          0.00907674,          0.00700339,             11081.4,

0.001001,            0.992993,          0.00806824,          0.00600292,             11081.4,

0.001001,            0.993994,          0.00705972,          0.00500245,             11081.4,

0.001001,            0.994995,          0.00605121,          0.00400197,             11081.4,

0.001001,            0.995996,          0.00504268,          0.00300148,             11081.4,

0.001001,            0.996997,          0.00403416,          0.00200099,             11081.4,

0.001001,            0.997998,          0.00302562,           0.0010005,             11081.4,

0.001001,            0.998999,          0.00201709,         5.88857e-18,             11081.4,

0.001001,                   1,          0.00100855,                   0,             11081.4,

